W_mm,L_mm,h_mm,er,fr_GHz
37.4015665366812,48.01070830875609,0.6609487550472392,7.4421321159251,1.1875135843964133
27.273627490586392,28.58841421958093,0.8939098675799915,6.309650371107045,2.1850739501095
48.126199801714165,35.40339936631615,1.2567885941513732,5.152355904711978,1.9733816857819337
57.43621998406486,55.79743580090924,2.9479102526127865,9.772816090299763,0.8311470855226867
51.12154222240241,40.85274226693308,1.534696115861578,9.30847924239718,1.2163683968597025
33.971453395818415,56.45708620527493,2.218393390768113,10.123962194049343,0.9043622299770001
56.46044256729064,57.62851486439726,3.1981468408589238,5.494112428154855,1.1588742951226956
58.384378900244855,41.85011745008941,0.5772548219013136,6.506800594457669,1.4853596900777002
58.11328419002966,55.14451618799613,0.8177025795154158,7.516042042020233,1.0123287094010955
56.96559946178687,40.35146061039846,0.5386688444107537,6.229544470094531,1.4745502181882313
37.51557027415045,38.980165699105825,0.9342481389053083,6.092941404219053,1.6662116027890181
39.41988668619488,56.712493110407046,2.492357834572002,4.749117395049753,1.2808606422519315
50.962952079864046,21.299250890190745,1.661963110775729,3.6625902979557523,3.7752619557392153
31.519365266023044,37.26561327931484,0.8667540529887436,3.3957411561664337,2.2685583191719463
58.88601015313353,46.05953014191123,1.7016459248778717,6.229978299142893,1.32285764769107
54.028596835727484,26.255333871301907,2.1669637919240365,5.794674972518674,2.45934560451686
37.54212912549442,44.292472884957085,2.0747495519511365,6.774807142590327,1.2463381117632433
52.51408524933262,59.160051231676945,0.7097767845981034,2.7800205268783724,1.6041633887133149
41.852571515930485,43.74969342366224,1.1179846399748066,2.3866317342013676,2.226129317480952
24.719145967936665,47.27750351847795,2.552212252290517,7.925555000298988,1.2981630195393958
31.14934952520897,26.499395118791117,1.4909893800875,8.361646493706541,2.0795096393387684
37.8506295008395,27.853285130414545,1.9202033846691313,8.292237246823232,2.0150147999185366
32.75870953976366,58.57485420441283,1.64544356531904,4.297693446012568,1.3293545471306751
50.11459152604665,28.174237808234473,0.9309250513366871,3.361811626147502,3.0315606228682155
42.42433438962457,34.42348798064337,1.7517781954028295,6.825132807536812,1.7412063094224284
20.4000025527169,34.29299902137215,1.307670611173734,9.709032290254527,1.4144391507759546
34.05292439543021,56.11141780009332,2.9522230900751656,2.6240067417778583,1.7316997446649556
20.169119168012053,43.15089593947809,2.0565904228644842,3.2014625870623554,2.098852073454891
31.389865698126545,55.454199300040436,2.3107458444629705,7.133023336025224,1.1078419567030853
31.731270348768245,42.98740614356769,2.3647388733527723,8.389698327728869,1.26280047813277
50.2384659465991,27.41741848146997,0.5290998980354832,9.088213743159674,1.8141237926990843
38.75262434855963,48.32187163893131,2.2610882525283094,5.042646791983481,1.508101026745768
25.84297907236706,23.830319557880564,2.837115148440531,9.137825335695524,2.2832496743819832
41.5269740697522,20.562750859572926,0.7224740629914969,9.414235566667703,2.462840457446461
28.27096315668716,22.436917304632583,0.6305010935790261,7.1680456884232715,2.559100783948105
57.58912224126891,53.869942454816965,2.3573738760300986,4.841367014227574,1.274450634942496
28.837685985205344,38.30763728850047,0.5390685083847326,8.855763588363654,1.2766342524909737
42.60990934169285,31.160437397210472,3.0882431577579856,4.367383275342053,2.4178123668168836
23.32282813403975,26.280969711920225,2.968139403722334,9.480265156173022,2.042458036164298
20.427813155107273,52.60105036188875,0.5295957350359582,8.342142921287598,0.9333170411679235
22.765698488726382,32.490425592984295,0.6801460116327764,9.41325226430164,1.562124482267168
29.581875220230035,27.712896853648257,2.6141134544829154,2.747605431863117,3.3704970591361283
24.765121864300397,25.352779081866785,0.8790263013638302,7.662736389756341,2.132509554833928
34.109099719628325,21.2688025257045,0.5689045449328946,8.522618947161348,2.4765342036235394
48.06646044963421,55.68725619847741,3.1829846869181693,8.756146767984104,1.0551091638730843
43.04688335553217,51.29126705335445,2.677991753953963,10.190563997873134,1.0151849337221184
31.809392977789276,58.72474487313458,2.2693768851652028,7.186407949013278,1.0179055779062984
24.529758325323673,51.31359668067468,1.1431198797124467,9.75847995206345,0.9775397079403984
52.1183892052875,22.90570148420877,2.9276144002416684,3.6975618479357735,3.6345315041828354
58.65704335659984,40.024891048788575,2.056445787523085,9.157171703334857,1.2722836446561532
30.117098910445847,55.23738931896614,1.8962297943711532,5.777960030964046,1.1028071673046531
31.177771126023217,49.29498979949418,2.675032973594096,6.584190210019478,1.3193358600865317
28.224999230024913,44.03627618547487,1.0986867908984466,4.866805625534711,1.6187420775125323
43.54605207635926,45.01711410473565,1.1454195361238697,9.534495355364701,1.1055472215729099
27.738858538756332,27.497371982628618,2.3453968466253716,4.163282770935552,2.8485370007525335
25.075552889043152,26.007594843105664,1.7430309042485252,8.371158493332679,2.1198013710187817
23.826138607773238,43.89790196912948,0.8321711738878971,7.965507939299566,1.2149404456025106
36.06192373949334,46.36612977196047,2.8483370470908023,9.06748330820351,1.1515627969219047
58.287208296706645,41.28521945337779,1.8313582112104938,10.049675381797664,1.2232147946250185
22.395207820419387,31.293788545612543,1.1497354971785163,6.2247813301682955,2.038436865398322
51.33868996041309,59.25273578691129,2.9518703784483806,9.28571703284382,0.892227003051687
59.34289586601654,38.13079124950245,0.8051004337549688,8.960137047606997,1.374528703006331
35.91560725931973,37.90618110809159,1.825957298096479,9.305020008842671,1.3876495970533578
20.685448776489856,37.691795918663814,2.3956832542520683,3.2353192668053516,2.322868395669521
29.546465726650407,34.90776802125188,1.8403794876419057,4.081582825968314,2.2371184132086888
49.35021961170585,42.33542391201461,2.730718015209945,9.164222946711481,1.2214183097874662
47.89398811438005,20.27873144001193,1.5838024798566386,9.766179132558925,2.459803323080829
48.509277041068195,35.1652237390931,2.733954651129068,5.298999215705546,1.9346824645477438
47.30197170595848,40.71488740763478,1.46205723877758,8.183815654306198,1.333356234448914
36.9486296206865,55.15406028083129,2.148660582140543,8.95266877613195,1.0185379082428163
40.110301722133805,26.115646990192495,3.134772639830928,7.6076139494908634,2.1850894905053955
45.34596883558712,43.881734444272176,2.06312641975138,6.891428281846739,1.3813178169499498
28.040467197163117,36.87733853311406,1.9244426442181584,7.298900149675882,1.6127183177695827
49.60458522009067,31.423794569804876,1.6739586232467731,6.56647650099101,1.9051059712287726
23.454880489446378,25.165853134526067,2.6076909583197994,7.436606762882599,2.440864962854635
44.67166776197766,33.17025222360492,0.7366383193686777,9.796046996849096,1.4823721784877473
44.08705338584892,48.09154590790176,0.7548230600226447,2.9427803328891304,1.8475367887537566
43.49760825476657,51.44813502370256,0.5832881167043322,5.570494817586521,1.2789933484166394
36.28932709172496,54.59516736768498,1.798301987520874,3.5834747162114713,1.5115770914745688
35.882633076403586,35.519455358804905,2.8907125794537523,4.110668304351449,2.2238432361103033
57.76768388831001,22.26700328506157,1.0607915652940068,2.565849827017132,4.359590753872211
47.283562561710895,40.762888198056125,2.873744472344324,9.059361811760219,1.395148424946878
34.554815979186436,20.503721303766905,1.0057269928271544,7.758386685025073,2.6437910640350855
41.4736524471423,25.591646580553817,1.3431164254331023,5.010443418116802,2.6894538463276043
49.174081245443574,56.886285137269454,1.904259948564116,8.84934588056603,0.8983382073315433
48.082211905902845,31.571469503320536,0.9569215615212653,6.934602004678552,1.7854572124479888
25.055083560927653,54.58060200430194,2.8783639618816146,2.9495706987277757,1.6240005114871872
29.500297133839624,43.62824186830009,1.914769470946699,8.232800936997245,1.256314470888909
47.81624347480367,51.65378878384058,1.0593262095179141,4.277385574531163,1.4014070847548692
57.05913991499606,22.87136802256461,1.0070581672634338,9.408874221311372,2.151526583559231
30.373133563937387,20.70233344965625,0.839275913510447,9.674549099351033,2.383858180729611
42.026186780941295,25.25915816801686,2.9002261599660875,4.052262839505255,3.1083058557251353
23.2367374666123,44.66150638245337,2.3066823132132557,7.088178652022068,1.368628199439427
39.67787787341141,48.27899634758076,0.6147323934389134,5.595529699862814,1.303867196250398
25.865494031939452,52.415804585143555,1.8943589368128797,10.025326649126937,0.9809766923937338
40.60914298083713,40.95519858189448,2.1816913510926876,8.816646740679797,1.323960675108704
44.406353999922786,26.661862604437374,1.5606367015169311,4.803112870156145,2.656612764796413
44.32309913717316,57.40507074737674,1.1982924129963841,7.609605899864829,0.9390599448320067
54.18259645653902,43.975384484128654,2.2760934363187535,3.440076286500547,1.9280513988553245
21.517233793926703,53.14640706074943,3.1819548307403895,8.3590383987326,1.0410245059565082
59.027457779772085,45.682317048962624,0.8948147015334332,5.294911330793328,1.5259329780416917
38.54590036434453,55.27590161788526,2.559669817104204,3.3344136583748663,1.585745447719393
25.975210844024286,57.332961534813286,1.1238816125825326,8.88749859893101,0.9076622576091763
25.586344075322216,48.07234912893641,2.6077190070298846,3.327143769990058,1.8351138088020658
30.647738234886305,40.09265809644063,0.7615577321805334,9.261855045720973,1.227261433813157
47.87265128273902,42.8488526570581,2.1361605529245513,3.302306327851282,2.015298832679691
25.714062570256246,50.10486615345835,1.0314312367775895,4.014815793403435,1.5805837463818433
59.250666846666164,24.764373921951716,2.453879108029834,4.17822764486848,3.0865430568286905
40.01494767305998,35.985274723851944,1.903664276871557,7.136992734841066,1.6971435694505936
25.893242122569887,59.18792017844467,2.506281743661254,9.596911585459171,0.8683207078383162
49.273217993464186,37.31068317011555,2.193793059097939,4.714757161743096,1.9160545287620678
46.809651103144915,59.41953928185262,2.7348747635614274,2.950841938127475,1.5520228847672264
45.33341474695812,39.370347725542544,3.18319966966379,9.106493221204786,1.3037763054481815
22.93473498276687,39.18859517432392,0.7217729622935103,10.003092072070661,1.237070423421052
46.51381249494683,41.053455132107764,2.0324695916405293,10.090243356336256,1.2134612878745465
39.67716619639094,29.35507483103004,2.723739881059529,3.9790155190816803,2.692229263479193
28.17196065248638,50.49740143191843,1.1625459763261259,5.579716799023501,1.2570303692615776
39.28809079235786,43.79183115378744,2.701880719320833,3.3848369821796327,1.9126059405687363
31.852089644373716,59.07229983585528,3.186183524432772,3.93340615093311,1.27795326666465
25.28336853642734,54.396197029197296,2.922991275755569,3.150367735221284,1.6406015162599683
24.193592368562314,31.660673399368868,0.6863283975177218,9.735220244487337,1.5795079724565508
33.3198897869727,59.222986294850784,1.5834114708270923,5.577858412400474,1.116741088998049
40.62030961203825,23.7526311856833,3.0190180885043745,4.835461818651648,3.01702284293927
31.673450009086707,29.37116285115771,2.407581962365928,4.703086507047521,2.532531215371356
26.56522661006059,58.659475046150085,2.218934208530787,6.457041139086831,0.9894668967727933
20.7684151739655,55.33585633300745,2.5463963932789566,2.3934887760711687,1.981935445271672
34.541044070531385,23.279433644213846,0.9044027715495585,6.67919947247583,2.5681448155426856
45.60395395682272,41.5096465786133,3.047650004293828,8.788122490136928,1.27780977149854
54.249507727622785,23.95835534887825,1.475455415379595,8.865955668941918,2.0917236123647642
35.984319708732144,21.52753123525806,2.578216497549293,8.430011927872709,2.555364004801582
36.62347679465909,28.237242082525107,1.028680039161895,8.639835898105563,1.9101930208757705
28.634415263409075,46.58876013314476,2.5033619709218207,5.905751229232829,1.4394222186461065
40.16908125870499,26.36071863939788,1.3582757933256167,5.328232090429198,2.6124919988207327
49.84866328543998,54.06861080781019,2.465789726916814,5.905401751610357,1.2812886737808697
20.301234831035554,44.239523386156826,3.1519183937128,9.271324758864164,1.2478059353724134
42.23815357036753,56.78225230873243,1.7158113077034103,9.555206371501813,0.8861012321773009
24.791833044721695,25.67249200275226,1.764536812691714,7.277588150910474,2.316188220053495
21.531340398101637,49.88140395162176,1.9777337746824328,6.804120919226082,1.195069104843646
49.99588705033699,53.16211615966187,0.9724109713385178,2.953152841073452,1.7191205978598227
29.259174445160788,29.244680252642077,1.5867549044632976,9.894864660698392,1.771284721342612
38.9775813739343,45.85859136596765,2.9525560913965525,6.717080994852829,1.3266293987755446
22.81699060930326,56.78325880658906,2.7539174759277474,6.756634397093502,1.1098010122969288
46.73290058708078,42.61038805702126,1.7969299131892498,4.622672062660309,1.6773659532634058
51.44501427752631,30.50985714981121,1.971958526706146,7.641623208008679,1.9181008702569502
44.133482884708386,42.86566916305796,3.164177783940158,4.011521095994878,1.7996811202803091
37.06759406110306,27.303128799498143,2.3108377365533572,4.936917867725256,2.659006629842894
54.224807141180946,48.0684983820071,2.1541960343890345,4.968994210001833,1.4524247853269807
59.94463167204498,20.66222008423575,1.601829840362606,8.586020782231941,2.5808589424744324
48.79407320672273,32.1238988238297,2.7603280460293615,4.437564171170596,2.33178689946024
53.38762022443314,30.55877887528508,2.272742554952101,8.517969588844888,1.7402350538799018
42.93683408204561,21.02623298264909,1.2221876148560307,3.467531080090648,3.945281007824215
40.53324141728313,39.11738674062008,0.708019852866653,8.313056113083146,1.3480678221079754
49.67069131068792,56.443440735022925,2.78258841187746,5.651417427210632,1.2200119621719578
51.129392073557476,41.65525363779252,1.2552441295177563,5.278804696986585,1.6572503318106666
52.75801180277791,51.9013154428751,2.6678471481832338,6.026002555603311,1.2390073643234503
25.622793388487636,53.64884678241189,1.8959000260188374,9.204514943774182,1.0099188010810312
43.16515027307352,24.944607412698666,2.71375581834967,3.2089109301217666,3.4862954753848205
24.01128770789805,49.783298445790265,2.144083545289874,9.502351576508788,1.035444394893784
38.192431137989495,25.666200287574753,3.178833092000413,8.805579984804929,2.0651786181528418
57.926450750696226,25.970264995548142,1.4246142524751444,3.1247261079060973,3.2889863195777496
41.04625789464359,37.84107857341287,1.083179679789076,9.876853424299375,1.282557959368613
45.10570673935456,42.124422378427205,2.698463614943575,6.941594838822202,1.365988321890221
45.38991561914497,28.448935405056925,1.5324762873684041,6.680843326903012,2.0593912236656546
22.033941930654816,42.339799827336336,2.0713557393006674,6.172325000310515,1.4525970623791433
37.26893452657571,35.84135911474682,0.5826487245632516,5.605462571828518,1.8963967085226103
42.16298707285675,44.30449769242826,1.5277215353225448,3.889989309243413,1.6849563305379929
52.8997808641032,57.056877212279204,2.5527547698270974,8.388770794888568,0.9455020619304113
50.337505750173904,39.63532371075546,2.108850267932433,3.4096979090163737,2.136767534303445
39.04547350323516,20.525248328291692,2.984336869358039,2.7092286430244394,4.6148349862660725
29.666571594411174,47.88676427605098,3.185554092031519,4.307745052316456,1.6317411310100487
39.512695972322376,42.541955541367344,1.0669381143104908,3.5405031241632097,1.921403996068847
42.37039302588694,33.88420984038136,2.3106920315655683,3.118499461106002,2.658643940382263
48.64220807602648,53.329241112706065,2.800641414553407,3.683612885616278,1.483305085437721
47.30945023420511,24.750544253446883,2.3420594432785933,5.299039188724887,2.808008061152769
33.34803974954128,49.374621098628225,2.945820209739086,4.238159625895939,1.596698331621702
31.34009490535268,59.49356807206144,1.61849597455529,8.622122722830014,1.0139663716452714
54.4872609496091,59.96709649929852,1.4559156872489996,9.503943099272657,0.8106238364262285
23.416231469528967,45.05212784537852,2.622344427515904,9.784960458197066,1.1441414100976375
52.02479660426282,46.659793663074836,0.6687183672188417,6.87760206285214,1.1960872193996839
56.10664438367849,56.794891461967474,2.4901042252549344,3.7349812511452036,1.4109265912625992
45.31040000194491,34.51352747973856,0.5056263914559284,3.5293555631485996,2.3043912591076134
37.34006690444313,49.86192966200915,2.8587150326194126,2.2740050145024044,2.0563835067957426
42.2534449716426,22.286802090096423,1.034871297425188,4.509575390077105,3.2125520823782936
21.368883133806925,55.25461997675593,1.5432218175533532,9.060828820476035,0.8434733554968319
23.05032226914545,40.18334311820161,1.5910350257777464,7.111249998721256,1.4195799425830762
31.46214506555577,25.287258399939763,2.3192231540472044,8.9693172550307,2.0143406112406637
50.78516075355698,49.674445125595724,2.1894052473043955,7.759288112499355,1.1207987855557107
34.970422268823675,57.97888230446527,2.9503465707756398,5.729852185514082,1.2055235322398439
22.78225082339885,43.44602350576634,1.6393862227865759,9.272185563134554,1.2210392338638842
21.351444998114523,27.26841736225904,3.049892215087484,7.103455296916097,2.3653813922951636
45.62121430948762,43.25545679847686,1.2088296157516476,4.096352562504297,1.8114229321601505
36.516955988670205,50.70055493153983,2.5300403198018886,9.605189245127303,1.0343497022835757
30.24100000594595,31.667391364873154,0.6184362960962476,3.90076822680894,2.3575039104069644
36.054265561549606,52.55089834265969,0.73280374806813,9.506637807347847,0.9074143754184213
24.350775948925403,46.59077503683581,0.5573888412776588,8.68076397604597,1.060376832845033
38.77146160924231,50.55148155200982,2.7962107091866852,5.712993358886651,1.3116321617148083
52.89877117116579,55.276212338119116,2.564480583377781,6.75439158781591,1.077160562843418
36.03076942895429,44.93811690026508,3.121975319683444,9.205676712253531,1.1782365545804339
46.57575569962535,53.33859614484978,1.64269515845455,4.408309918796036,1.3863243676175965
31.619850564474497,41.32275450124311,1.1921478056425652,4.249478270393009,1.930108893932929
57.9591056666932,56.028086623342524,2.0259819804167742,2.326226482189816,1.8165974049143012
53.74338342501747,35.30285956641677,2.7916866055760496,6.955395603855291,1.717566110687328
51.71302728829043,32.03608795920654,1.289557513441848,8.580072855500191,1.5636988057006318
34.88996792485424,24.176225857890515,3.003220013075527,7.259687767312899,2.5220942058738105
38.02804326558782,57.19067267853555,3.032766039503268,4.946272734516878,1.3000284398570123
23.164280849394657,40.41821912929834,1.2334116054783313,7.240162881524218,1.5103011702609366
40.20998983097016,35.506128596923034,2.180439347546616,2.2381367081043777,2.8928584513720366
23.727608361447675,34.07190989196563,0.5656770852319712,5.444423582064827,1.9761276810193074
46.99940712741616,24.32187564114357,2.8374471419658,5.383995751745349,2.8528012229561224
33.07630192092653,31.67514603507709,2.8658866851260414,6.495023956764198,1.9714999418095545
46.94891614231829,25.185276272881826,0.5379345018470238,2.8304967893500983,3.621460516989448
54.39322413021521,24.65922254651472,1.714789399154332,3.270498357096489,3.4802895762444286
20.255922456589417,44.68730728223531,0.5857106513610449,5.8059613617717005,1.3578728570936796
47.585852046030865,32.799686493741376,0.5280020429519146,10.045450775505241,1.3719258329207966
27.58363482470424,40.61560548947297,1.946634425441452,7.187588560740015,1.4369971908738433
24.782357482732312,56.762739352656304,2.4916569145130905,4.471074554410068,1.3749058222154973
21.798064657921362,51.11349273420587,1.6962595282384512,6.724006437825129,1.2249075438588781
25.01452403804845,21.133863678084793,1.6896329998869737,7.317072009424832,2.7488803390385526
40.1684043419162,56.040724357485054,1.4151950812218175,4.831009849795816,1.2781876163763837
53.12606743608177,36.1381565418517,1.337836608280254,4.578970234254726,1.987845295297979
59.55429086088843,56.170735732943406,2.8393728357180135,8.809630935882794,0.9792702957618292
28.01610738011052,37.55617981719766,2.1490058135496732,7.319596143754833,1.5879957350437706
53.054654721294575,31.647332989576352,2.4989242660330495,2.7044304838188467,3.0157158330767326
41.13757564712078,33.407486392897795,0.8015338268501281,7.261391459915976,1.6665493455055618
52.38708413440482,43.29242666208985,1.6089739110763313,9.748855427739546,1.03674746885254
57.706090728272045,36.18276925603403,0.6164332542168237,9.602209867554382,1.3951791179511015
23.23899892504429,37.61670321452674,1.8894441236787727,8.250443885682472,1.459625271436493
29.736782441856548,48.276467424012694,1.093166302583052,2.9054871150600663,1.840747433014795
34.21584737034853,58.92086836097843,2.1506838254068814,3.956022524840714,1.2711736411211225
46.90179693198559,41.55158608617599,1.052365211107983,5.796452789828372,1.4830103220129003
38.63690550567863,57.11655748609034,1.107168216884943,3.405533738098981,1.4132549284794693
27.566344341430668,24.196350614474692,1.3624250185613835,2.44386694528926,4.072526720881423
51.928867582567264,52.725408933621225,1.218280588810981,7.837343036993521,1.0618983917445723
42.46457905523104,31.390276671534277,2.7016578091870063,5.163721448888323,2.163454426938462
28.605665472690326,50.832119239824976,1.9674382835729496,5.761425186890008,1.3183645213597521
42.60057564029246,38.37696432568879,1.8785712771490761,10.185997528494966,1.2717822047031846
56.390455869747534,58.13789251458053,2.72071109845602,9.21367668459548,0.9020177098073869
39.21712604295817,48.553717549635245,1.2168508676261065,9.74688447410665,1.0545947256328763
42.531556040615776,36.57208334534948,1.60557470123713,6.237256968840279,1.736405656567983
59.86203746515908,33.376426654839605,1.7600824802164918,5.087194141756996,1.9812496448862744
55.686403265668375,56.09930912882055,1.8312045422308285,2.8197560281508833,1.5968243525176333
49.40910389992882,51.76825315137964,1.0355565792356147,9.118126812488855,0.9034212598247529
49.00610051482297,24.931198444673175,2.798284741270544,8.114339181765704,2.2761809724995072
55.3828967475745,53.11498287961971,2.313760912297738,3.5020999789334866,1.5402360851105088
36.99596024251075,45.74611827602063,3.0935628919681384,8.341999401932814,1.1679677973494056
31.297880831026266,42.64477339407016,2.710724836652508,3.8718298027739193,1.8914738318929407
58.195518066907454,31.969905115701632,0.5706324838705303,2.3209196895743736,3.0867378611991754
42.393180160301625,28.937389014357198,1.5551880051194558,9.521019681414831,1.7337228469036627
33.600445009160595,36.21142645145768,1.2747079371339984,10.031459851632357,1.2809127519322807
54.33008960258598,44.65836241649121,1.546842119440203,4.264121495919367,1.7206429592304755
28.472349092056618,53.8091576401029,2.5871653703826865,7.841252852865183,1.1492899498899707
49.692296334804574,27.679523018085874,1.1143230829538244,5.870342569505164,2.2198423327399444
25.98004917268153,35.8646964880959,1.0896712691473032,10.11710541566831,1.3824476431167088
25.85132423228211,41.698624209387205,2.3963960177922443,8.107298305402708,1.4169464310726982
53.88477311502124,48.85525538665333,2.971901195824764,9.637244016128356,1.0666706767258307
20.68307440705595,54.42544665780702,0.7523870428529594,8.627218204474737,0.9652247579287447
37.05728012277784,56.242744981207565,1.9649060455162677,9.6814327558358,0.9831930294899991
39.0569950256489,23.946142585883923,1.3415485192744643,3.1388578073991615,3.5831060579730774
28.154954904569966,38.973785634514826,2.424870766386867,6.043975740318171,1.6766019890905515
29.809724306114106,45.56943877060401,1.3650768480292634,3.0600300267292724,1.9144272011549937
24.705976209303063,36.13920450494346,1.3164911552668657,5.012489725779808,2.0011544346275922
53.21119083781652,46.448352263921045,1.9791960026945454,8.367312988135648,1.1634400914480025
47.838947922108396,33.53430554753773,0.8574546169099992,5.740966063416918,1.9616167985154416
56.22501839006759,35.42531759203685,1.8920388137613637,4.678162098333207,2.0233080969962702
30.390277415566167,42.670178051670064,1.7670081565860265,7.208302885483222,1.393254760364254
50.56872966446058,29.397175093977864,1.697950005323887,7.95623074354474,1.7989566758793458
46.120205437325396,54.40590757557981,3.0924101326866875,4.213182575483328,1.3988362362549338
28.66834807412967,23.092806203942846,1.6999311905723689,8.708622644280009,2.3023198837796377
44.57546753528812,34.79330573117179,2.360152624932463,4.1025358205808615,2.271122243595336
49.75275081377618,41.11635943694864,2.4735223942580844,2.2868587041610926,2.6014936845007854
29.787361165142837,24.526588745617328,0.7352188362261953,5.837812130717577,2.559859058078968
23.955104075539655,50.709468714234234,1.060565321689793,3.718605238468407,1.6358160566944184
31.952479729502564,37.311323738911994,1.8240105153148802,2.466755536200589,2.6011642552180647
49.28938572842805,48.286727645925495,1.5451058073166049,8.429192624960166,1.2080737481301151
25.94818621219206,20.222246447298758,2.845664671271386,8.616846283267968,2.76145342144417
39.86537195145419,58.26823433150496,1.0607267055015919,5.23279075367387,1.2224142597543066
43.80318117980622,50.36505630499705,2.9575142623409603,8.151266818658085,1.2108174976454662
43.35909078536701,21.878693499497462,1.8461858118371854,7.709346146938571,2.56570143796754
59.576155007389104,57.74912595712894,0.7381883069070609,6.331106699677584,1.0138459055036588
30.525528433929473,27.88520333040858,2.249116045721276,8.254347793108352,1.969126013028675
30.74256355665829,32.608221516391815,0.5398824113732533,8.298872555000534,1.6289361969095084
35.714205137550216,49.00096323393363,2.255148877999884,3.4918989707436614,1.8302983999328357
35.343765415071985,34.116600278001755,2.40934247511257,4.954937559073008,2.062262465610329
43.38948048358135,31.064142244784666,0.5820588329625561,7.82766390956232,1.7208441542136939
38.50170767094131,56.120287191214345,2.5142604791550656,4.894042882964062,1.2769369529712769
56.54703165103862,55.695886391627695,2.023740902215812,6.026593514406638,1.1850689619847385
21.744789569361963,36.80643187831415,1.3561101054507636,2.3208596292893287,2.7623210765326625
54.20493739493364,44.90060433954854,2.1602624481052004,3.438242822949573,1.7855441839502415
35.17421252479548,21.007816595241916,1.4209088548522706,6.716709846432945,2.798265692346044
59.41321632742085,50.03240519143579,1.5161567551549908,7.1255457097212656,1.0704274513289642
37.4393043188046,53.46540060601414,3.1328798906295168,6.657324867204238,1.1616978925170363
31.21581809845731,22.80012789395351,2.2624824143022253,3.0732760488674904,3.9529122065371607
32.334557701247235,42.7662505688523,1.9263576516990155,4.28670121326941,1.7989811323501246
56.07639063264416,27.914394633025633,2.1212647050495055,5.738657862774106,2.330684033216975
49.47539448051818,45.071210759791704,3.0241165971428248,2.559627511978827,2.129147533602559
46.62597988015011,27.461825325927478,0.8492142697424246,5.229885563138376,2.456568525455789
40.71209692045203,59.75876183679604,2.794443637698481,4.177388722363515,1.3242053768012263
34.590024857255315,31.45354986986133,1.85125584272917,10.192225786382004,1.5582978897448483
25.046097234239852,38.44616370457988,1.9248735806638229,5.372029296392901,1.7404206718695168
48.41500713863908,48.70333924065183,1.096347792288721,9.590421226180933,0.923859543788682
21.201650400483175,59.148332500148385,3.0063144422676897,4.233154213950272,1.3884194493908109
34.08455671106515,55.470426315803714,3.141375307285261,3.972260131488886,1.4822754735711874
27.752041543114427,52.79596532343354,1.7483566220081774,3.708365433027206,1.5592041279495163
47.12174447803643,25.00420150442199,3.1990034827007303,8.92531222204369,2.141158337060786
51.6769106913558,50.97626212317121,2.474168086442953,2.3277796929251284,1.920717487774858
45.30632718197158,54.893908699284324,0.6789412545538496,8.40064299874609,0.962337102679833
49.98569165099043,28.726743175633164,2.0103316980780455,3.1337672820133395,3.0943620129233502
24.97729088876015,25.220713026681754,1.6210939030362508,9.264354885469498,2.0411629204704544
39.96443185832814,58.69049856700328,2.6673178676840634,6.976639487828001,0.9392289433919824
28.516249127609612,58.23645996371637,0.808929880440865,5.86847149728853,1.040607936542114
52.284894935579814,30.279297923844037,1.2503483857732873,7.88037437141682,1.780813462636268
20.35167329702958,37.26012830890458,1.2399094180933858,2.4303717058534966,2.719224626446491
32.05594126656802,46.12142193620984,3.106368387633852,6.788559653522838,1.3607991072102166
37.343930444748494,56.209434227060825,1.7108255082060935,6.533736932750228,1.179736383587302
34.601048458737296,59.0043926511403,2.99150083526869,5.4948247402816435,1.1791513290681785
24.530873897102087,55.285742346518454,3.1094544535385973,7.759179028846809,1.0135688683647393
53.219852056494176,45.44349712883012,0.5760433308601853,8.737867047052259,1.1052182085820401
32.133760890154036,24.19888240849175,2.9795305045993263,4.15237056289786,3.2609633479476208
31.428687052634725,41.06542318186703,2.2010679608250854,8.204259364901201,1.5035595618542466
51.57362873219279,29.801877979723383,0.7692602299136745,9.424366841327627,1.7420190639491238
46.0940298962756,53.635488443018964,1.0969623044216212,2.2115841983916598,1.8926183959809095
43.59345682265953,36.554508123137865,2.6941031952843626,8.004521373064783,1.516380173514237
24.861115140712464,48.19063500704531,0.8909918673531296,4.3573219409546535,1.4654791404837724
28.38512452338321,34.31309568607752,2.0724020775947887,4.4637714959203265,2.1785171519604147
33.61331810034168,50.795935330578374,0.6057952556187913,9.190169806181983,1.064230080911893
25.218513207610357,42.79296141188139,1.4201678803399593,3.129852592335541,2.047456309139821
57.38272527788537,49.61073654384491,2.135669889545241,6.796995329705934,1.1564002521625427
55.182960518188054,26.239668009767687,1.0588504236107479,4.240447575167829,2.8822604812530694
20.127067341174172,49.01762936047528,2.8120501558711255,4.355186769878182,1.5983212101303013
43.538880716235205,25.097830332127955,2.6119010246630174,6.940461219823318,2.3974125571310543
43.76980479895856,46.10200180197087,2.1526248657080993,8.092263227998021,1.2999119138743416
22.963702615016427,34.82706263821928,1.294394349927177,4.9375964848743,2.0706405342163237
48.939461767161994,42.5674974186107,1.5712624624055351,2.860320604276329,2.1859353745172383
34.92828879179878,49.609693622410774,2.9991021201726404,2.608748568431986,1.8768402788104908
58.2986149816597,49.80075466087622,2.3040962254662603,4.319545767554237,1.569627837953922
34.332801348094605,29.218858076930026,0.6113224591835581,3.346330543106723,2.821690846662441
42.969392276321884,42.941567393344684,1.029897905624602,6.712548780754643,1.3107108098205407
59.5550895104029,54.56741437096086,1.5729028862230623,2.3668602580700853,1.7894761668694075
59.11769298862303,53.907728617122636,1.7582039539998695,6.26751132271843,1.1558741545864422
57.2552141081183,56.58477302648791,2.4564831664482454,2.706133010280505,1.7100546956004798
53.09850161647659,24.10368018791165,0.7779786417694192,6.366617411063369,2.445338757696883
46.18589615827588,45.3761393792673,2.646366838064615,6.72395883231697,1.3734748733259137
40.04923607149003,48.67155094056487,2.745079779347176,6.407958963972093,1.358577233175545
25.554053327042354,20.991233683543655,3.0055041851613615,9.849856032992358,2.405477781800779
41.826887242764,51.339862832472235,3.0361672990031834,7.750863933260119,1.1040860314519845
52.12942831033694,36.35000892445613,1.150554885448487,2.863806302783731,2.5111631121725932
33.69646439528879,43.52967651394895,0.6773539645901224,5.357148618793614,1.5495967697654929
24.426982656821558,21.84660916962416,3.114563200695581,6.883635124750246,2.959084651508659
50.13318843987983,55.8546731654768,0.764383428644302,7.6354007649096305,0.9366414049948748
53.32982710831002,35.20772959862374,1.449848695775719,2.2000201450395362,2.9034767260671663
20.870524038339408,52.72292923615126,1.0006507640324123,7.62228689417864,1.0898472438113465
23.252577635530542,44.237371772015216,1.79283126697397,4.470223764074028,1.6885263734262288
31.002812911631118,41.78982722523023,1.854316789273157,8.25798575355374,1.3014913750919104
49.87036522340235,55.57110179813095,0.8764002781946942,7.462575538957191,1.0812396180682016
36.21704543666726,59.2520198458146,1.0841774969501665,2.9465584895497754,1.5356573209095812
28.70781925288901,31.23727237337296,0.6311950386410219,3.0548362803489226,2.7625585006925184
25.943216592122504,24.236012102990337,2.3345485733871887,6.872054382024314,2.497949568743658
34.4326121823523,55.04497413348305,1.8646597670395375,7.1164453537095325,0.9839603649539748
52.17953131396449,51.95873918746142,1.6862549277882415,4.632345110363319,1.3610965122100689
43.25955405177234,35.76126652095204,1.1431095766164603,6.7573152365724845,1.7381284974572226
35.779525189905705,33.88276402402573,1.232632049143649,5.335794558646102,1.8717789937657954
42.042392269180866,48.36915932468064,0.8314731480033182,5.407490894570643,1.392429848092527
52.67294931183382,23.538138135212215,2.327898986701955,3.188475038783717,3.7421205493251515
47.807150422462044,26.600923654817244,1.8015582238456653,7.569715773690939,2.111296323531669
22.49052997982147,24.867736346677507,2.0896660178821023,5.119280431382313,2.9203175631756837
58.51849368480154,28.719052935022628,1.049607417843786,2.2304220449332943,3.5259863022472
30.791896526568404,58.42552659170722,0.7571991518026712,8.892754220376986,0.8552689018428092
34.381488435777015,53.59221967396818,0.7952204611497801,4.856497763463164,1.3434494767146765
54.439648791685826,29.772692872864617,1.228770081731322,7.2522608038137,1.888510179219302
45.00256552597247,30.911154121285303,2.23288804612318,7.377754577763381,1.8354271269579
25.176507874332152,26.543294000795882,2.670763785456901,4.950138713328249,2.7857823462780207
52.500174684913944,31.18087953520254,0.724941516539243,3.0206449637722477,2.870602283621042
41.859104169403025,41.033194515295285,2.184390975737478,4.659424135107724,1.7690052930327944
25.868580738736703,59.667117962204294,2.911070632259469,4.297004452269103,1.30100807611494
22.88075205078703,45.11810725912078,2.959962994319491,3.26235582938127,1.9020182236458605
29.77633033727237,41.36147180648608,1.8318636419340504,8.11654467266223,1.3612951247360485
25.802817991368766,34.46566072099286,1.2776179362070206,7.699296000156483,1.6338363113627863
30.242113943689354,27.02873384706598,2.1178713471659467,4.126109388961477,2.861385607373142
48.018557541376865,49.40493235098316,0.8156437833036213,6.192292247904902,1.1941056915691255
31.152809237924988,42.06388590656333,0.5085078434321618,3.2806385727709193,2.0649891509673406
51.6751967885876,23.506623453978182,3.01806523211433,4.917203168674389,2.9609497193456074
39.080960779486915,23.360981450169827,2.535463418512484,3.277223273850411,3.7191276751841076
52.36492153268047,36.6712168059,1.942375162941017,4.169936772687837,2.05638479244324
36.93157937327022,37.34075329377488,1.1349847530968988,6.144396311925538,1.760082593276748
29.538257303516872,47.513053403377086,1.4461625492698247,8.877846420117482,1.0000773600248816
57.41358617582115,27.26897998743294,1.1131908843024234,8.989915856193164,1.9288648606587342
26.9206079334311,59.8953007504608,1.4535740815503901,8.889105547756833,0.8922808064136727
40.877732618512326,40.52525702506793,0.6329373537958738,4.861455372617879,1.6542437033352397
41.62279483473151,41.91364548521811,1.9809322944528764,5.396319199557883,1.7035576666055157
31.441019551811657,29.905833888805873,1.3546579565325634,9.5579245137388,1.6401142831709787
53.60704655602362,37.15165603970523,2.3234155189908723,6.868897074394104,1.6015781222486272
55.56822027345739,20.56338396958246,2.5855454893689873,2.5291839989129246,4.72779726227006
24.46997358995965,42.088882630131245,0.9274071648119249,8.020855693259708,1.3623846393795778
49.35232171048821,54.9478421055082,1.771939677489998,9.012499619996088,0.9162575360566385
45.36624119511921,40.06802973044015,3.1111894637147754,6.473541662141729,1.5960813148037298
33.023143301845124,34.937555325203014,2.176604039902271,4.1573817078005595,2.1996492379716788
43.7212924442787,33.0019339238242,2.7194888329445113,7.779764669960671,1.686341081011331
22.138893990451336,31.611340970926772,2.3182322655527114,2.9461069884863083,2.964389978591548
33.05765129247473,54.28350568492996,1.624010886545163,7.769431199742005,1.0642264670062616
23.67880516290692,23.746852569515887,2.9222938781624865,4.644862534498156,3.1095030851109606
35.154838780188975,39.49895342234164,0.8195725127306208,8.34270448952682,1.3521415544409905
53.32173112566706,59.25158358220726,2.3817933055601372,4.161412986830317,1.3416800101824728
49.171677754462266,59.12145003755203,0.9981746353815735,7.927886850599231,0.9067472547159692
21.88994504891189,39.74180456872511,2.5918295478695894,3.964753004150009,2.0538612939926626
50.12432583742163,22.497570794934386,0.9839963334442329,2.3832848928869588,4.3173291581512405
41.08090531757408,48.8432452580537,2.4167063764282863,6.348161286047381,1.275744442414552
57.362512423633916,32.98561051648654,2.0326048389340867,2.3984520680854766,3.037747074109565
31.090688462797406,54.063404051240866,1.8203795811916665,8.216222912454592,1.0904405082237443
20.06480774596544,25.850361700503115,3.1726942182405518,5.3873256888454275,2.760256892445156
32.94257490852934,45.35817193042078,2.408053033584279,7.1318595329652155,1.3522267078257435
32.54310638546045,40.79887395632947,0.5387878520143896,7.233576139500809,1.313866532393849
48.99861135554532,20.789992486695176,1.6244735824609051,6.234636609565281,3.012193800321788
22.01301598339956,32.692829402668465,1.3042729569970648,5.041099304650903,2.144780231274828
57.46189924183981,31.231934252632048,1.1939915093445497,6.339835557148749,1.8767695257295698
33.88372141164145,52.72554202813947,0.5926031906798617,2.2723476583274476,1.8769063033672675
49.470383010149206,31.750508097631457,0.8484203491231703,8.627393618183014,1.7037323022791933
21.29928683710519,30.36073829109428,2.899970653905583,7.482022889777671,1.9554364751749334
35.83921109808341,59.70763407690154,2.2876259263019234,5.951994223253516,1.1747989716159928
20.991149170955108,37.72988200057668,0.5360160270953566,6.223622958399771,1.685173030445695
38.6858779611433,35.49907320238293,2.6293513083094253,5.862172916432796,1.8650866509536588
47.23058278701027,20.803889655365655,3.0218038262559404,5.398295748078285,3.355582746650245
40.7789621967582,28.10510819284923,0.80392171339375,5.010560763178457,2.4921228961450135
26.543987996399476,37.005970608970586,1.5592210558634183,4.642231808780997,1.960539585175502
36.82353672534843,58.5746445465272,1.0990935282217196,9.147047999574221,0.8289268766224854
45.52089392475111,27.890664759663323,2.0522095805364327,7.037823443917335,2.1319048023568605
29.66610857729616,20.707411434489195,2.7879057008928783,2.859851533516453,4.53765112375596
42.819249899867195,21.08287371702691,2.486579309139418,4.824725716210102,3.375317401941485
32.35401585466832,56.33532271298931,0.5264624959365091,6.809573286813068,1.0360683610181005
52.02788334043271,27.272847483526657,0.9158090054310851,2.8779150686371286,3.4061080510596744
54.57553760785925,43.678001527698484,1.572494602114201,7.400622522895437,1.240701883990372
56.62376060629241,33.29449281715595,0.5368077241575414,6.099572701794317,1.8091499950937093
45.610017798447764,33.229191758583504,1.6786908476423834,6.9238199415827495,1.680562621823654
50.14405860289666,28.284888659687738,2.7710905731047633,7.6271695167000395,2.0078834420157166
24.618895607089037,55.39099082138387,0.849051997622803,5.509295345339154,1.182332709568561
42.02426171642824,25.868404238625722,2.032135068282887,5.230855468435337,2.655039540355563
32.74579698170748,48.071499251597295,2.5221331131934868,5.358126902047877,1.364421306913918
40.29557613861374,48.11585055975846,1.4539274384049374,5.902529390883114,1.3620998367058874
50.526988853922376,48.17657292671889,1.530154461826108,10.184541461981318,0.9556293765854544
42.739056014288224,58.78708451925413,1.3334089410754766,4.618524447859883,1.2308335995137623
21.08287032280206,39.82943679188077,0.9120557405178198,6.067105914930057,1.5550239844113878
28.677794348216963,43.81792319410497,0.8832887223178529,4.969745429834729,1.6085647951928437
59.301176109422265,37.74900434443558,2.9808813515111945,7.266310613180082,1.5062286993705745
21.691940453964737,31.453329581714314,2.916104110795558,2.2009363035822407,3.4243238020952678
28.618315192872803,45.17012006194448,0.7749271985749642,2.914946466165996,1.9841147261197316
54.66580669943165,36.103883220084974,1.225819885068662,9.138846380952256,1.3804309085910407
27.294962110371877,52.5780717553316,2.807822205417028,2.8127051636027254,1.765647165152974
54.29459069723661,45.82187419747437,1.5509761750160076,7.647457576196975,1.2374548031214019
53.02615347972005,44.78636526395637,0.9118489423852794,5.542288262722558,1.3129863609002468
29.899587418588357,59.380766974077545,1.8750162795203367,6.071792102177412,1.117766665109992
21.52315679635729,39.83371852029108,1.2340136996263162,10.00804392450069,1.2512848180211806
34.459211157479274,36.71911292328221,0.7634300632004535,8.433902943209015,1.4927472310252405
31.61492298897915,21.715716392345076,1.4772162382140106,6.475768641157179,2.8329195742141393
40.74585183326207,32.4519847929757,0.8214492653995611,7.560274460311408,1.6881967329744594
28.00467439251235,39.391885906156716,2.4605250669247143,6.628105114344047,1.5065117524108254
54.87286995805829,26.597038753758895,1.5011862076410765,3.6231861061332538,3.1057375974431802
31.36963245322218,40.16009720894162,2.407373642562134,5.847947102014883,1.7242748482683647
52.23550825858547,32.94612914747235,0.6218703780710482,9.414588517425628,1.5539323056717391
37.910227927877756,57.78630571825554,2.7179057325282923,6.514591373839209,1.0419710891694702
32.862938211102296,22.334598961568165,2.627153007083221,3.9281026445594804,3.5678761674176087
47.99830307827142,36.62342154317791,1.9421251972341982,7.561295524268805,1.5660735503684342
27.042483203975827,33.78636588541471,1.9995757364596887,4.055292994550639,2.3865253358884746
34.56782493907082,51.85696211324232,2.3319751131873967,4.985267661448001,1.3904095143544808
42.70134257894341,30.571834412680445,1.6694952366897222,7.7229574754041845,1.8753154711241777
44.94932019658951,29.31140046118135,2.6534173959625207,9.535364931317702,1.7885462595261463
25.754513505058334,47.49322282868375,0.5418325400724117,2.9094443005008577,1.8007334830981383
41.849390374418995,46.7134827864127,3.1419219655303317,8.235010330053917,1.1597533168341276
45.08740150649953,44.5958960332044,2.929538703235967,2.36077879708649,2.2851222615572
35.387645814992204,51.65251838476004,3.1521699345675,9.68390264804663,0.9285274325090096
41.235931079991346,25.670502299664054,1.8332376390745744,3.7608778522493918,3.042241353419642
35.7003748013348,43.39494305599642,2.920591990579958,3.556525394228201,1.8313832767344216
50.78924716115097,32.35149669982624,3.1354976267149732,7.506626336906614,1.8414820406344448
52.014946322959375,39.895085067771326,2.8042247909283318,9.420243807794058,1.2461231610308252
47.229869942212844,48.52430936439838,3.023354156638299,4.829543333583402,1.380244237671435
44.73438586205959,21.13584144514118,0.5145213660438502,2.808666909270883,4.17405608933602
27.779876112879535,29.690525456939902,1.669881541340412,2.3366590474148206,3.3956682174094737
34.58556601093976,44.743754926298216,0.6938131900425969,5.490778655209736,1.3973213420009838
47.97053291855032,45.09933217118166,1.5493451704267696,4.899148561687465,1.4469099155421656
49.468535560427036,33.569428909255045,0.6794364011517486,4.3071356669432905,2.1522877756700773
43.45322827762557,47.78254558567781,2.0200486529214574,9.46768961407885,0.9865411551416046
46.16140729004804,56.854250847648245,1.2318988300895506,6.084908395367583,1.089090335694222
53.15451146994022,20.13129714404224,1.1266302569426505,4.982414254675943,3.3934324993717033
53.56599030466932,40.597284493294254,1.087335950765644,9.498504995191585,1.1797444055886734
50.41477315881207,41.64678017314735,2.521642182631258,3.8728420323819615,1.8480005212819854
35.56160521412588,46.51316511830578,2.683610198288045,3.574582812550207,1.8107103859230969
56.928806546541686,24.085712635638075,1.5990750715113042,5.26543585010535,2.874974943814118
44.1366568829675,53.93765841443891,0.5990495665418765,5.6393386129979515,1.197200505790386
25.108692695894376,34.04744686107996,2.7008119749890325,5.439324632731314,2.030894008326587
21.33071601793706,20.42532110795273,1.9075746270268932,3.001471780501676,4.512905840554273
59.94931784706757,34.76111512642052,1.2872836260713383,4.198978250479268,2.1002610156694788
52.61717721854353,25.655263975344234,0.8365032593287023,4.902462288299249,2.6773794211049324
28.15743156300076,53.58833319460471,1.6780253425444458,8.975437820206842,1.0826317545400963
52.43177558249337,23.060026191245726,1.5505585993712927,5.08819881193198,2.9444438552391277
20.37429185675514,55.32625148996275,3.0197427440467486,7.97548525801745,0.959266659467904
50.34980556832718,32.85829466642255,1.3821204968943008,9.508493973665168,1.5756765203770506
53.029248534084246,26.77078223885749,1.1301828657304591,5.928552662033246,2.4047037485724743
34.94572656843894,51.78218179188342,2.110494449404536,8.843613788774048,0.9836737881634943
22.6169059670669,34.57740017342411,0.5904810752056967,7.109229548982549,1.7469293425627355
43.44688582207215,58.64817914856637,2.998640976856761,9.419645072336063,0.8507898451879823
34.76413319797386,55.87543861001319,2.4131766865873003,2.457331079726414,1.7737240752804695
44.53615182720779,22.06730565669004,0.8199250582920623,3.9519215037606044,3.48510980878431
29.16234505946924,32.50097810734174,0.7781949924688863,3.804802117472059,2.448180046618319
47.25023099319163,33.8612691363716,1.0592648501843867,8.606824825275538,1.6168212375579891
56.48691943897524,32.10995121240153,2.757197390943693,9.632059919646732,1.685594479199629
23.601596648893924,31.404476434333088,2.250232106447015,5.207215741165948,2.2660648485298918
27.75573188468261,39.67566157920519,1.3018808882259574,4.730222129260888,1.8625777616371708
50.62785134148372,56.355363581250714,1.494607207284984,7.436460013735011,0.9616585458368725
20.730988312179296,23.753928192257145,1.1849613743471428,7.768839771573388,2.4377486520391547
58.873682216355746,51.10695216931441,1.887561807258336,8.107594601262917,1.0232714299431982
44.07542728363849,35.042366063897404,2.1975673377560714,7.79740626157279,1.5473609703047517
52.39317042389967,35.329721430161776,1.3551461751620475,9.292726219000187,1.402389011745935
28.480199239517287,55.458157224571586,1.0996988557240321,8.984698830797253,0.8610565971363177
23.618775621732183,31.200538333499146,1.890705078434734,5.292927877775341,2.252835386679989
42.94284029280535,39.21998109425708,2.183731715475958,7.766376497711474,1.4676968289981887
39.506599388147926,26.450757700817146,1.1327067880897363,9.017359396981824,2.0384545027718937
35.63181840195469,44.33000572994941,2.3969381156047462,4.562277860347331,1.705887939760131
56.190785419766456,36.57316038702737,2.5952279233503273,8.915705574157641,1.4736258419034791
20.91611678251136,38.55289099713438,0.6062029944031935,2.7692456186386645,2.4057458732196912
58.86410834748641,35.997259054742294,1.8702883593419466,8.833994005452647,1.4250490446785513
54.1252288908031,48.518174812326514,2.9086343270753727,3.9317898192345435,1.5701978365112395
20.06954516144575,36.70311163508345,3.063365072323149,7.266795645376338,1.7197499109196936
24.928773369070278,35.52603429274588,1.001429283424812,2.2498323439672436,2.9067021507847737
40.35404175854712,43.07065831834372,2.783246775013215,5.732475278319734,1.4715663276528632
39.83078874803217,27.03144846209875,0.8732354631259268,5.743261426286894,2.372462267055362
58.38362433796432,52.683323347050944,2.711093537896376,5.048291186059457,1.3265254159446742
29.98623273519123,54.32494260636186,1.3311514837121374,8.823688837312867,0.9857851647045204
25.188814987338233,41.88122119101169,1.1462855587978935,3.112521831596089,2.104373320494008
45.11084893155556,50.84760204877388,1.0873766214419422,9.745514091240706,0.882100330124614
58.48983548834341,25.037792924449516,1.5637620227109181,4.266521822315353,2.991664469997161
21.68291664973883,32.82979218719772,2.993002014652397,6.483972593301822,2.0606467599123572
33.144810148339914,39.740812735073455,1.6592015495111958,6.749367793059181,1.5545880682528779
23.17144018313647,47.38471296421919,2.0682067289414734,10.199313310239525,1.0245417047313665
40.515383018812464,39.81648084844354,2.779652105172801,3.22400871118189,2.2209139807251117
49.368532374789496,32.031221827686636,2.616466364146814,8.386292289002235,1.664705410826883
37.48331763441635,34.59000680104073,1.7396542133183426,9.580660047292646,1.4725772139702724
25.014103590422756,30.64426730574363,1.4815893457126017,3.918176118605559,2.587166568547996
21.487987255941356,24.02140324695475,3.1630593754476504,9.140992256367774,2.131097789304796
46.964444556309594,37.96137347985363,1.854456663396173,9.784011857940474,1.303167589879962
24.76691091066352,49.75647639066975,1.20181183299899,3.3897480476971245,1.6890519312410517
41.255733627499254,53.243148524412646,2.099350210138799,5.144377499598985,1.3442063874659955
28.979369063428994,53.05648410173756,0.6032826683571534,7.726106245800603,1.0303731082338616
44.884033573807315,47.470638440840375,1.5646077083699184,4.43785256023472,1.5280991261517936
32.70578875495943,56.59254035974958,1.336258430125406,9.01212860868683,0.9159840778036255
22.039271960902855,56.5926392592841,1.7824898034803458,6.9562056552859985,0.9801657883486905
22.950201950013437,57.5967704972599,0.5888648615951477,4.407296267425615,1.2783316738305872
43.937806053760454,53.48739109698869,1.7113149501006066,3.390803960338175,1.54069997195433
40.90446101834421,35.182982219244074,2.3232872432043834,6.0395459808500895,1.8199148494002264
22.320559392029008,51.47626540030263,3.178181735219321,9.850224530948744,1.0357987293389082
58.69167848211932,22.15166866102487,1.7105295844130237,10.020534336513286,2.1708153299835797
41.060624899622766,37.909445856683824,2.2526714223386035,5.710485254045196,1.787606452894906
20.975524254885748,38.36910011659447,0.6904278686075679,5.7698961585340545,1.7098479900526886
22.162425703804608,25.59578967725154,2.7383281361210967,2.8130995964031236,3.718995010272266
47.81212491106227,35.28406320281526,2.197048192071761,2.645499876121037,2.650128006839668
30.568687941237506,56.6821371795077,0.9132861966648345,2.5347828895946867,1.8173399676386883
46.93780030380216,58.89615653017552,2.9289737898200623,2.229703966597018,1.7453025089113705
42.45612830173068,55.882218944157756,1.8297848270799357,8.438529509252795,1.0169474885242016
59.05184089077336,55.31897177781707,2.331686415469137,10.171974994130164,0.8881273324626051
26.424121022159124,25.06690649805524,0.5889731104949814,5.6545904929317015,2.555043295932735
49.033099549491084,20.400655570054642,2.38122296921805,3.0822002592690243,4.22597063028496
55.382871697224125,29.92452530172006,2.599002017485609,8.101547872747142,1.7605577134972634
44.740433786316224,37.001796897560595,2.035260831869866,5.090120212247532,1.8608237690285758
42.97079744648455,53.645263292295205,3.1583583187251163,3.6921251761838816,1.584199729807091
54.810370819194134,20.114690959663438,0.644423481702079,7.437689579167325,2.665071772538612
29.16537186772365,59.382093865328734,2.2253294237762034,9.27075707101885,0.7914969877041813
31.77950391683922,51.6450591453159,2.4390803332385262,2.5512697522987855,1.848909624347641
27.60025572092833,51.1028705782363,2.793768818878517,3.901076865406318,1.5725908708248877
29.166785066164103,47.507099458525005,2.508851277651897,10.079008140070615,1.0398992488035483
26.16878344215255,52.54393257570613,2.1407658905014157,7.100507409181203,1.138759959791448
36.439737368112986,28.786325858321224,2.169245437003741,3.8180346954637354,2.875201384773421
39.59954092375044,33.11288445430403,0.7170317846237944,9.289463978864235,1.565368973641019
20.857498440201336,54.50059606553012,1.8172581081943757,8.375785734620564,1.0226720513321086
52.59310989301244,42.37406926595671,2.6737717726347197,3.7940074774135812,1.9203940816599914
54.5186428919836,43.425200459859475,2.7986383051834753,3.78692767267483,1.7842906256320028
21.5892848834901,33.4749109772637,1.1575453314457576,8.65129916618081,1.5985809448630275
42.97339823494662,29.114121378116657,1.3998924965341342,4.246002230666448,2.588087461870519
27.820377143582608,36.903478838756854,2.3626063183603927,8.886182797374536,1.364364585536095
29.671794003536014,42.450877321766264,2.278164932762171,8.407342592490172,1.2319305087511743
29.476568306118867,57.64453278375498,2.3463968161670996,6.003345093107052,1.1010378385805537
30.736295628826767,31.007052014036653,1.3349422537849396,9.713075336833333,1.6329155396618429
46.49392526390183,39.26216576141097,0.7557675355137939,9.305467134127772,1.328317709864219
37.19654723289592,58.17206678309853,0.8431257020592349,7.15065687395221,1.0060205766244958
51.93827965738412,22.002484089711224,2.1446536400490963,9.133848385925157,2.3351880324764904
49.084438027146014,27.545590900713957,2.636206645894112,4.768651704307331,2.6303359052066195
42.346935915977156,48.02994283033527,1.8286520531529549,3.1057434691915864,1.7723662418686161
40.15767897721918,58.415133310660146,2.944658722389583,3.130544011752561,1.5743212348273947
48.86893697767174,36.81806383874741,1.0550901036642197,9.864867988913023,1.2409199852252957
37.38151102188648,44.532231534891295,2.3005852970223986,4.273218990860547,1.7581569692968744
55.18216829197663,33.6029614303069,3.10835189693572,4.583499044602325,2.2113403597297756
23.243361954047366,59.71531074075417,1.9295976134574775,7.21807525654121,1.1054804126101492
51.27141854887816,41.39437090230874,2.6508388186242677,4.268811008018497,1.8609000437970356
44.133158380483515,22.295612751624493,2.989212940386269,9.036434323603277,2.400207340298543
55.430032011269724,54.98179307932758,2.6002267511041754,6.749052366372564,1.1434698430803942
22.233746182408748,49.67911849742447,0.657367765099918,4.853567247732071,1.3559522306590106
23.696509693967343,41.8693631738651,1.650997511928081,8.269500629968778,1.4161828668193495
53.72620360069763,24.41760345031911,1.1261048805414007,8.15378388188029,2.259460813439073
48.625494525557954,32.04147028029574,0.7609454553723867,9.48117782646498,1.4985066233688045
56.83193124402581,43.14156412382104,1.8125752890605815,4.239210112247246,1.7524801313636118
46.18730806818116,32.08625713909903,2.395313328775035,2.594436416850037,2.941377255558801
20.65235331620344,41.15754669925926,2.2231458368241275,6.311270669617058,1.5901567259317881
42.061021397948615,58.22005487035153,1.6600859188696613,7.688179080425636,0.9581770996925004
48.16781588146859,53.47780224988405,2.7131076908709004,5.9312041607467645,1.2182454199655424
24.230644785259464,23.17662249848165,2.187348114365733,7.893864974692796,2.4961088376931277
40.42083293305584,45.550130818613894,1.9594757257342021,6.517019395294052,1.2964414421954256
57.258884496158984,32.74325776587648,1.2446509315791103,8.460452517396249,1.6447597100106779
54.743745957397834,35.74974421915355,2.0048589868916142,9.95898099532976,1.4308844031589654
45.24502261405041,45.856528596411366,0.6530856463417525,10.021600672397682,1.0401429589142734
36.56951796399582,31.699622010608053,2.0646362577429684,2.2849347361639385,3.2389767062293076
50.1119873561194,25.158431604609326,1.6028495172885935,7.141022756508099,2.249240836524099
42.813286807815665,31.748658560389856,2.7252339701049046,8.020794104080641,1.8222144590898253
36.3544972542511,46.87764844662925,0.9079202423722899,7.219039581946156,1.2880355713986167
37.15358525468908,46.24142554076829,1.4375372580259191,5.445495611789818,1.4138436713947762
31.493495243785862,49.3828353265458,1.6311527726301018,4.1623096992202,1.4683739880913977
56.19554352571224,20.231422457331142,2.295576422093018,8.535446106271385,2.7209688398618903
46.06488503771963,35.2310662047155,0.9716443147053464,5.718720175343867,1.748077027456396
22.73214803591886,31.33204584812529,1.3569109005738849,9.363380804521263,1.6312341855604477
28.78864689628363,43.469408284385835,1.4645137490114553,5.398928819537021,1.626394856027767
25.773861074311828,35.23721364421684,2.0097843170338057,5.127419323459421,1.980143309709452
29.45502000703129,21.167355391069314,2.686896152699608,6.301845904400487,2.9918950339322223
53.14834278532197,40.598238179334096,3.091123790717549,2.6266476797603433,2.4220215102625926
20.715060554738898,23.143985459482384,1.9981174699825912,6.593529026366985,2.743435332461836
30.10495113527472,32.43778802636824,2.2406002796752635,4.943336888172649,2.21842921125582
31.40205932619313,54.94618710195924,0.9506726088150277,9.937764732954623,0.9866582132324802
44.83213616690309,22.411640540879585,1.9245507112707445,5.725953315511008,2.9102870517278574
29.420993788366484,39.39567416412969,1.4468337528890332,9.45749796353886,1.3331886011882519
52.77999957185623,20.594155832503525,0.8047981999868348,4.288125938084589,3.5347737388796276
31.568167209892483,40.2870121394335,3.0658041142348815,5.213218013604449,1.8739896072349946
31.63655813881018,22.540468769610207,2.275309609694895,9.478682596609968,2.2967738594056075
50.03362176084703,34.13385239191331,0.6623710596196709,9.037688188229339,1.546144644162302
22.77024089531689,54.53729630950954,1.8607968085966673,9.384441787580851,0.9001456598638967
25.199153186678934,22.627093532045883,1.640725804677163,9.914998959366367,2.2567776579676635
30.20960864183341,54.56692301277372,2.1402187522006617,6.032449081460138,1.2335927482385156
26.766077425767136,56.56054739112002,2.929167958016602,7.655376147322219,0.9463222925283239
48.94915358343873,29.103672257930484,0.7755585037040744,5.062080080909459,2.4159769004863083
40.9083060082819,58.712254721970154,1.5268847837659503,9.689706799659024,0.9157978711185633
33.00011011823461,28.975258273216113,2.574336559226247,8.789931256885515,1.85139435349415
49.504994889768426,35.92537878099443,0.5812507699395055,3.675349288606216,2.1933428017603362
36.931816937931146,56.40847309736963,1.1705488381263969,6.034524654836721,1.080434663428566
27.188746667901885,43.178975716725375,0.6297471119730715,8.963046934239198,1.165373718705075
47.84970991535245,52.18694748083114,2.5187082300980173,4.173909679126865,1.4980606719241492
28.270222052875415,21.65002376290513,2.5101752478568353,4.291233589021569,3.5651811250635435
33.78397814718555,29.443256341055765,0.7900922481288415,9.490473344117326,1.677416650896142
59.24046278695173,23.159195489104402,2.120011663920534,2.99074714259974,3.8440897568670818
45.92585541209055,25.502276991080308,3.079003482963186,2.6269820709325202,3.800140328392979
45.849588674871256,31.642530825986213,2.6995420142126347,9.340784702732686,1.6357054335711512
23.16456431995032,22.0409615172516,0.5921526132137093,9.418602501207321,2.235128697565859
44.776199588994565,38.245631294563324,1.7556189514715148,9.508513198917592,1.4305319452103105
54.110955474299764,49.334000692353676,0.8594943536837061,9.98068046063812,0.9673296436076757
32.72726561857258,50.47691412388252,2.217837276085316,4.039402423964137,1.5581383073347919
31.203272442403428,30.238971790522555,2.5958108070926587,9.194058555601266,1.7252049782520844
31.900017250565483,36.29599949484377,1.0274672484755487,3.9904303927818656,2.0917675542972325
51.0879904593407,20.16628526349832,0.9159521774635262,6.296487662692993,3.0823435135561335
46.799674992723304,25.844729084302834,2.2586497629496542,7.4834781766224845,2.2260619766313225
36.861430962591385,38.44992741109762,1.0095497642077258,2.646109775089557,2.467609728252264
49.136887015529425,43.73479547770636,1.6164034033030192,7.196511718478968,1.3017423147216465
39.994693791449045,20.557861638499514,1.6455549927879511,7.610430180953579,2.8351431008359067
35.40548669203343,47.34206407804868,1.8092153035452856,4.085804950378473,1.591411286982377
56.33085822474363,26.27802731980548,0.8132431177401509,9.689926256649457,1.801009105443002
26.02879027888595,20.747964889545003,2.0709412903842113,4.839049049271921,3.5265607071803293
30.04085908430347,43.92588588155882,0.6271846872503508,3.6655237196546464,1.8488783453963653
40.74014706000305,23.659848363893516,1.43996830730573,9.407987444720694,2.1746584701947658
48.41536822312024,59.13045923271714,0.7983152804194209,3.7143400409014315,1.3152927178355664
50.09168147643706,42.60185146690046,2.3591855167608378,4.088026285408222,1.7753705458126705
40.256827253720296,49.75087953310358,2.835112471537465,3.9680046155352864,1.615447189315247
35.617126516177436,25.902268957168996,1.4511972382797858,4.031869576843279,2.978550288075521
21.326382589586032,44.50078435611198,1.6113351073277347,8.279383626524936,1.3127158098507616
30.771011937382752,47.15837303849569,2.1809072958079296,6.957929570871094,1.2864305451114164
36.38313021573403,24.147994608835447,1.3039352338045012,2.357587075828955,4.075224202448737
50.922292199069396,26.856023984195787,3.073036002962356,5.927536984893301,2.4106992034091546
47.68846885612557,41.00559083079775,2.9635771766558356,6.193831325012384,1.5574516910650673
49.832797888385514,26.410538686004962,2.8268664327261863,7.783321802027497,2.1107222878909497
37.85381483539932,26.97181411000772,0.815056562898536,8.624210148932415,1.9213282278018557
32.56716129766325,34.204782430505134,2.5616482528563966,3.215293755582998,2.679960179734833
36.498841576677826,43.429151903387556,2.3804085867794798,5.088732216223878,1.6568800994374102
44.53875497339378,49.35615119551875,0.8839317799310162,10.150826985657158,1.0058586278112416
59.197820972836844,48.79768762383532,0.8601472101810558,9.328471170817533,1.0774753438544822
48.27588689095211,27.956526762766675,1.2204643109326176,4.352959959280184,2.565720356449013
43.23437363934001,41.38930483472729,0.834799559006548,5.997836920885339,1.5362721963858206
33.6999343736844,46.81068932014577,0.5917861673797702,9.072314312601979,1.062021660894317
47.15992926501369,22.702787946686577,0.6397903671955166,8.668196855714335,2.224386756912972
22.82459708077825,39.65543059080275,2.3674469858502154,3.621169761108061,2.1605086751020735
31.854732966007866,29.171941888432688,0.8631584469508862,3.1173842763123005,3.0227177349074608
43.40747199037089,40.070378185286536,3.1201880621075175,8.705160867601714,1.3356943988150383
52.912029687746795,49.82015425618284,0.9348973055371645,7.6365121193044185,1.1377679678213835
57.669919768456424,57.240540100028,0.9954412437796374,2.8906924454467893,1.586020320004213
30.740205075160144,20.749848343498268,0.5134431059860876,6.96561578248158,2.7353474838311618
36.640783695571585,26.94975673335933,2.7202910155279123,9.329257762239948,1.9336335465195271
59.38895473253591,49.22316360618427,2.658045008930332,7.218905899399111,1.1464910001131587
53.394106109084845,45.044809628174434,2.2203180967446694,7.054233686067334,1.2890095720534787
20.560922351829195,44.977879478224,1.6386478115590761,5.002333868538054,1.5697159668367462
50.07742616666985,52.1526968875337,3.0449178097462113,4.978731600685627,1.291824668125964
29.375082918552707,27.56736228542749,2.2551361697769403,2.228498756976184,3.7793103082006008
45.064116352609055,22.309379743414702,2.7722322057079287,10.071959484228852,2.263812589076089
34.5813739519455,51.81559303351582,0.9813915476967159,5.967883732974869,1.237258319594873
27.922235929730505,31.741575122620823,2.4571481263618162,9.918741397985741,1.648796767179027
55.88182868846183,53.95956805401183,2.453749861158901,9.21412456745902,0.9623290789172857
37.022236341037825,31.925920617153633,2.2287740373761844,2.927584164586781,2.843286840597817
35.54619938637957,57.88425621377337,3.067532425011999,5.439525292397919,1.1951165743242007
50.768793264135084,41.12883700020012,3.1663663594581535,8.262234628419918,1.2301164068266337
39.62401635637238,37.639380821335315,2.768248867314301,8.7013963710324,1.464713048441346
43.07940892332635,36.929241047036896,2.4147097719652093,8.649536739306514,1.5026063505217522
25.87191795151108,57.4624065942013,1.5791957068084934,2.8541769028060404,1.5964462334116656
49.85111138657449,32.63857789393838,0.7308264432147731,5.275526630056833,1.970442130610985
22.489490246820004,32.90329595351599,2.9381976568735992,6.051332268805773,2.065556243967393
58.215675270306036,32.529302872723946,2.293083771997412,2.7558213373848135,2.9009886576334267
49.86989771316483,36.846477334901095,1.188367885990027,6.281922427356806,1.6309573425121418
59.90673281970688,45.3882838142136,2.0497490397000426,8.003024430678026,1.2288959836261155
20.148164592772808,24.07458819903138,0.8671308762024237,3.418000368715429,3.474524521459348
25.62801725012674,25.05138677448358,2.0640588468321805,9.317383069160003,2.058312746366838
53.8022795736674,58.99898957215241,1.410332655814417,2.7184993091686884,1.4641986804749656
34.16992334930213,47.09330852756129,1.3769050072041837,3.8706624406406247,1.6076434455230197
49.57168933495612,33.33910943783383,1.8743688168534631,9.57311125631114,1.5607878265700448
58.20989190185726,22.352087734570112,1.8918228497626615,5.3190489553681,2.940037996413126
22.822879507070844,51.25412225994346,0.7131600357347618,3.512707813341672,1.493963098062798
45.328076594345916,32.89420343153089,2.011763680155879,5.927734115871466,1.8598935697470258
41.489993275081844,27.711139382888142,1.9476670516151062,9.824180344483912,1.8780126177487952
48.19501639370144,40.586315029102934,1.3654799158003041,2.844749326911632,2.281033642807576
23.949149139439125,31.135293212189122,1.5628083589978459,8.763352441680478,1.7124078409412644
25.927462581620983,52.418345318339654,2.7861089649783484,9.670812645697087,0.8804295100264624
53.303741110966364,22.805202131047526,2.882281784714132,3.785027646192302,3.502116493705171
46.59787004931319,28.508146562159343,0.6358054672207483,7.029349043055969,2.0383485416264757
25.63134449215987,21.122589990000247,2.1894116737510165,3.502799603965393,4.080704186126048
46.18972228869366,55.03197402438396,2.32671763049446,4.466972911501614,1.4241881023602896
55.6309045533758,58.519333355587676,2.1460472316081987,7.307367097533358,1.0094029736603896
26.206450690263164,28.753561161586966,1.9437622874842215,8.214012257020897,1.942412761249104
40.43931833169935,21.98468287779597,0.9377644294599607,3.6000702144196897,3.7252502328847714
46.72653850489907,32.41490981720169,1.50518361067817,3.665806632459452,2.560613291108046
23.454577995616347,56.502608215896494,2.223972997871547,6.601559739314548,1.2039422455873559
24.061466188372687,39.74654525306697,2.4413829291322564,2.694877339261465,2.4235718922785923
21.72717912145854,38.15016876801579,1.2315616491346195,3.6669055338541847,2.0498522951927525
30.530888323269494,28.461448877512723,0.9228897949994561,2.980581382954031,3.1378688668547907
22.415582618148488,21.050007264622383,2.096401289672852,7.686125470650738,2.8289338595090645
28.20083680989071,24.452008731904197,1.641305463616465,3.8378116639166553,3.2539645116360485
57.22200392915801,51.75472133313465,2.418933466860989,6.792111913326692,1.0576737415606279
41.06749732957069,31.480616737028576,2.0971501173062146,10.085501011672147,1.533335389848274
47.274637887101505,30.6462800510478,3.055180100182296,8.959681725379259,1.768389300377612
28.284906720292295,24.876349569791273,2.11967447290512,3.8237610448539066,3.2469808245539133
20.656657786644086,29.200565779459907,2.344317583210704,2.3712606354242682,3.494708728025347
36.768646260600356,50.94036836488705,0.6253416139658929,7.3646644181106575,1.1990302681130145
55.3440958956464,52.14681962709474,1.487016954614035,4.718110227120281,1.4124564042383505
34.49831291398479,57.11579662585218,2.11378334729983,8.322289654471108,0.9519554415260311
59.09205153611652,59.38238919240646,2.285878072365896,6.728593941182014,1.0931148454957977
51.415907810808235,38.829257139404035,2.5059080694324316,6.860595474839649,1.5929686070768556
36.461285086335565,38.137780326289885,1.4873599412304501,4.54873509440354,1.8450352330703943
29.856442599665773,33.14947538109131,1.1242305233012257,3.128924026755149,2.6286850942076168
25.23364439113877,25.696376938564697,1.7266578194868771,7.039763081473575,2.4429476392410003
23.519292318062625,48.70436027823271,1.8573521691880448,3.5167426995008624,1.844195322816859
40.780230130627416,51.319507813871894,2.529607793046398,5.613260726026326,1.2199416238481189
54.16198531830482,33.40350997265513,2.781059253935322,6.132321210836869,1.9008269894831284
59.18954314117678,52.29832908192975,1.2866186936823618,2.835836336776409,1.7392826499638738
27.83433535808454,25.44379912976762,3.0035345116563095,7.160350915511316,2.409416197358634
56.087113913310425,21.2211697483562,2.496170455741508,5.538409880870798,3.151996252414355
31.9732116791525,55.860029011045654,0.8650558102721295,8.490128459974759,0.9654370963508837
57.65396505223455,50.93086341820005,0.8884149351424715,2.6706126984684175,1.8885177163403453
44.212215078424045,23.469018692172767,3.0289473949151824,7.12432570298982,2.61515252062557
36.424636292463845,51.006195480501475,1.5840481631898593,5.844091166981833,1.2561077092369488
49.974593856972476,31.155633096323182,0.6314914643745173,3.998409855653229,2.4997708224004462
52.61500461992058,40.39747908537256,2.5754459691953837,3.9578376221417813,1.951455048159798
43.16361119769918,26.847875838178197,2.28045784866003,6.156848108763503,2.3143222706885758
27.951145887967837,46.448875009169164,1.071184372429172,2.8523089424826633,2.005654865700853
39.99218998405217,43.70783461828593,2.6978872631943336,2.746021796427617,2.151545818037708
45.88294506226186,42.44550886119909,2.8735735395942026,7.216293327056105,1.3943152015536409
36.25401541249357,23.02932446206769,1.1883528524056288,8.863349750510036,2.315319719698539
39.15289169632845,27.587980248798658,1.3215771208059555,9.386750275498901,1.801259251297319
48.105797620905975,36.08990325237996,1.7950879285482684,8.52077515017411,1.4826014546791795
29.92891667947363,49.26800602599168,1.3255879264060213,9.308469698328967,0.9874781000566532
55.38508020256888,54.516985912327634,1.2606529920836271,9.269301174325172,0.8823638937941582
44.64171225469832,21.965233607968493,1.0742951938298244,9.215975288328476,2.223640874238006
42.77407509018846,30.887310541537495,2.9617616827387225,4.195547004138711,2.5592426369207675
49.31932990146957,50.05106662381294,1.3169268129835225,7.479989267262066,1.1264201951674702
58.16512727173847,22.255121446833137,1.0131246276987884,6.027048063898128,2.7678294559619196
48.29799791378079,50.346002019818116,1.9111645169352587,6.65634708679402,1.1771222035738542
31.876573857078654,23.988105670178083,1.8912130787684485,7.688166501697571,2.3762886564561136
36.14504521168989,21.747983653910197,0.7011220824942752,3.0794903233299546,3.971772996148576
59.02253740005032,27.028306636478643,3.110161045749649,6.392841546010251,2.336795862576525
24.13704033982708,41.99152860532834,1.7445139618659915,6.757777747783729,1.374719193304973
20.703359183861473,57.5471751813175,2.9534095434011607,5.8979840757997835,1.1814575700094831
49.59847255109284,48.66121459715031,2.710218886289182,9.66003079495771,1.0017343917715213
58.89168788518851,49.156129377050625,0.5507260226313366,2.7714329356591154,1.8163619002693143
30.202241676003982,51.70868393841868,2.95085103364574,2.542641563777117,1.9207027602136342
21.717863476781893,51.41222225377222,1.307932919625756,7.545986705879883,1.1172795350941227
23.226336866298205,57.172579446618,1.587817428337764,2.2891368385315314,1.885532064229481
45.03306743198249,34.099880320304706,0.7100434213393497,8.51509688941362,1.4758342575611747
25.967077326154776,46.99631866010098,1.498063996753951,3.5864532907551956,1.798547869603011
21.640505105646298,26.492617826737302,1.0416024346666692,3.647788332612084,3.058342728522534
46.22063232199934,47.17257573421789,1.326068952682506,4.853654583781399,1.4738873011987725
41.553820315103295,51.09038638634369,1.5941709882884019,6.085182666824908,1.1593101294987465
35.476144120840274,31.003537048273138,1.2726681097203212,4.512026147405642,2.328093465046372
49.60598403491441,56.368992988750534,2.253362434915025,7.575728573040953,0.9954485379753579
59.83171510922651,51.65617211983182,1.2923580154370429,4.429065688874308,1.4437553462466592
42.42202569158181,26.799426128975725,0.6636431004333382,7.655896145380132,2.172553926838649
31.959284790025425,57.41330087168937,2.4778724286155205,7.201459896961923,0.9988053498072703
29.67556417109458,31.058674761213535,1.6590275987907923,4.958207134204102,2.2551307031886294
20.251067586125487,29.351443625254618,2.782724736620795,9.601568293022769,1.799842163427528
21.552835365322803,38.772065217519085,0.9330802929482229,3.2852158992332603,2.170096681268215
38.85931025327777,23.963445376366327,1.2633411993463743,3.5727841366461472,3.3499903054753366
43.26665856042354,29.428387523837692,1.849536935958529,6.361320586935078,2.138211028565277
52.00516873147063,45.56710480566278,2.531309101009585,5.456976102444134,1.4240440488686736
40.37640931824059,25.480448005472354,2.4917749887925895,6.710626414322802,2.4040359254646937
25.107529424771883,55.483486735360685,1.4014576805009817,2.4085240530370315,1.7878911520502632
24.769455366372686,47.074812179440926,0.883155317884645,3.271912359262685,1.7508621109330955
43.60712601065739,41.01570885478267,3.0240224553199067,8.14640736116696,1.4303899583179287
43.59772296303404,21.026916690583896,2.8444517359401904,5.016187491176321,3.3648390356516678
34.93891248545391,54.87616031870353,1.1622982460530187,5.6183251670651515,1.2363367500182119
25.13858823992637,29.3869627659828,1.124971984777101,7.897404377857606,1.9203440957926494
51.75476036116031,52.043435467331946,2.5358040289760195,4.9554323754123,1.3522711211325065
50.393402274899955,21.93101989356068,2.812999927723211,3.876688077053065,3.5747383485229136
33.200600821020586,59.30388408840526,2.0886605714059687,4.249748868942405,1.3006428100661243
28.354603928305934,27.902004415778123,1.6877882743792612,5.606474279080322,2.4031601489169545
35.61683956998619,46.71612665081219,3.0978423785466136,2.3202157908537044,2.219614802966272
27.034691013305192,59.88796524923673,2.7031041728550043,7.100310639650946,0.9980803838740016
41.80234379497855,39.69654099998266,2.9346995928076205,8.088225349587608,1.3627308963156806
28.92032747298778,57.700956696179325,1.3989181879910593,8.27965663431153,0.9184788119439772
26.40807691404707,56.37006334833568,1.32044243248352,7.916953152196537,1.0174356576052241
48.61462022610406,34.81633354239512,2.5509059270221943,8.974859425682247,1.4562054166827498
56.74426156827698,46.84957952786834,2.337448267167174,6.7284455903475635,1.3129056733056093
36.52921414195773,59.16822451213889,2.3937645367798686,10.148005324818506,0.8060174119449248
23.17875421500231,39.736251387321545,1.0113661343479423,8.074680645182974,1.4574614333277698
25.459236273261297,51.717094091086054,1.8811073147898831,9.483469263407976,0.9713976696942025
26.599068123839732,28.070684672099212,0.668715506263678,9.970488035395878,1.763887028689395
21.288491536927523,39.7765111685531,0.9775171473652505,2.642629212236499,2.3544750108214703
43.60137522802539,29.02453976052678,1.8448582208935704,8.87525595371988,1.7453127260121288
26.620393405827336,20.873350484669338,2.6331172948901034,7.198241644603926,2.8514476609836956
49.37417695825349,35.784803703856554,1.4015963681223207,9.77850804303582,1.4530209809829973
26.237633928975225,22.881038381998433,1.3600480645730049,6.496144020421979,2.761722188564399
24.233799460635783,53.66956529027326,1.632951990598988,4.129255561295241,1.491893559055152
30.764179674921806,37.06050407570711,1.2917107375632892,5.514601014483295,1.8440960201551302
34.9377953996915,28.00427374365446,1.1816588918877162,3.535560803521541,2.9082409922262236
42.04639214347809,51.619445567125446,0.7670634418624429,5.906353537367988,1.2671563331274536
27.134064373345034,44.99430983582749,0.7474523060234572,8.82379721090319,1.0976541019527253
49.6368079336625,50.35679673266461,2.190091899367429,9.609222258121285,0.8844965759378203
29.877390442842966,25.128211735113418,1.6644714434399808,7.732250523556482,2.343226649725123
45.60560481476712,41.32481042338048,2.921645872795871,7.46044943310553,1.3999388234613779
57.107568649927906,47.55155622749826,0.5403193628629708,4.054267857029962,1.5326690452372762
21.252878329697317,40.56527803522175,1.5482969231152324,8.028279440603345,1.3697139032942747
23.763643243075926,21.761754993897533,2.0689517525285996,3.585219734695711,3.874223610568538
50.12598765238652,32.378331528237105,2.9835000740236612,6.376614220706454,1.9047234178291075
44.24763747123929,45.87385097820537,2.6393877982101994,9.61286322262517,1.127871542295123
51.90469134294044,46.998220607868475,2.9291898342206784,2.5932101753603902,1.994290975260577
29.604773786494142,31.091232178671703,2.662687441615179,9.134362982999242,1.8242494265318367
52.77513240598673,49.86287305463636,1.2923357058546276,6.879962699326225,1.1350160006262686
45.09020268728007,50.79506939479613,1.222351259933789,7.781983815867071,1.0462437770394035
48.43970112465506,29.183828874683726,0.9528620715838703,2.884304520979435,3.06610197493618
56.261049200632335,43.715113146698,1.0564260257471516,9.39875897916195,1.0885261669169608
48.0440879638858,41.348996456806276,2.1731931708063166,4.744923654918805,1.8086815399230975
31.118552717078494,21.889413275541575,1.030172998575349,3.116070178109302,4.020241777976445
24.00446196055634,21.36444679490642,1.6031908323647563,3.621627216359082,3.8898294405091525
32.175684794011126,46.4110395616167,2.7072285909478535,2.2977084132064958,2.2248336672344
23.95744029536946,46.51675243907634,1.4372038932970779,9.039869666602481,1.1276728917859804
59.588131172651764,38.43072667080212,2.8021121437380936,7.76259330569586,1.4604493401843968
43.421642576349626,54.531096620289304,1.478786009094467,7.3342186809709915,1.0999037073428317
20.59716466075141,40.10268940050261,3.0652963885019555,5.690332412633367,1.8483111499301579
22.330967642937722,35.21373117012566,0.686201371766738,4.834886720506384,2.021809504662266
25.619360742956367,55.39352531845975,2.0325407156003417,6.474431788750239,1.1350082998704087
41.589418655034265,32.42116694227602,2.5018775453185724,5.14751625233059,2.2229755525277977
51.63876473776364,35.956578064310555,2.5233788934062735,9.952800641815166,1.40376590919914
21.263389715613663,20.522312661034007,0.8320895394679052,2.6954754214122074,4.560634802433075
33.12548415040725,45.937058662444386,2.2058139481245624,3.7770734173426543,1.7787933204699702
30.345003694153196,40.34139186968375,2.552518839556676,4.363300360159377,1.8667496991460106
57.416722751936085,56.11989972108261,1.2088951655657674,7.867133097958416,0.9599035695747704
53.83419660099627,25.278839846743956,3.1699223584228435,4.2140930959123075,2.9716274799672706
26.55503460441988,49.77386293472672,1.0810014414378701,6.106131739913698,1.2703660171493587
31.886430320211865,52.44684052509168,2.9982577141034934,7.959358533994348,1.0419001722974117
32.00955948145993,45.761545369573504,1.4385133603695455,7.834059856813117,1.209055195514791
28.95183782698624,47.92195532455809,2.6521513151969147,2.461668954705681,2.092525176585245
25.90708824914298,41.9262582905117,2.2923946344832866,5.272428059165859,1.6545344379414588
55.75187242585668,41.964780223883004,0.9568579802511343,9.242136296298511,1.2087939610527814
55.011126339640285,57.138401778598315,2.987123828259721,2.5718450901403136,1.6792472033554764
42.235728461359514,59.317845957662925,2.4093584602511084,8.201389991996516,0.9148849703683937
42.89507053063724,28.899900493287248,1.7960720926016382,4.773859905580805,2.403536796019449
23.094347907783135,24.123019599859347,3.0766408563098473,3.3537449695088233,3.7182156997133244
30.526051306388176,50.12842463662881,0.5864021133422652,6.727787216791037,1.2037110806399531
50.4712603657834,32.16667915008937,2.527139669026188,8.38895887138072,1.7229492005038014
31.03873533423069,47.8451316060898,2.2795402777074663,9.686237523288284,0.9808581812743398
54.02657137816819,39.25367815852822,2.8252184376241334,5.924052350669612,1.6314835379516022
38.34335575166996,24.742564731623826,2.7071595319037027,4.258435132335965,3.0790894456398363
35.531031212230445,59.39586426922708,0.6797163468402537,5.317455242943968,1.0524547842598202
55.009543737053896,30.96003502686819,3.0717335435301476,5.955985983567476,2.0544435512569352
57.6997110050242,36.22891855806686,0.5973803241739316,7.578151501046088,1.5262442652455555
22.752883306858756,53.41165270025043,2.6313206648805267,6.993991143256194,1.24533088806455
22.26980588423064,58.835194653875234,3.0771838377561562,6.563689632642804,1.143411409451945
45.462567546064115,51.03263597313347,0.6143804958211816,4.44245945131542,1.3990915331894087
49.753276035234734,31.530375442458368,3.0489187544515817,7.647140470898998,1.834024091352046
40.10705077437459,51.50957358360955,2.237796772758827,6.6617151928708465,1.1193549346790435
52.796887099059006,32.33478932172129,1.35999353011616,7.79975698773929,1.761274361422062
32.35144404931202,31.131406728456838,2.0736405913980303,2.9168178856792943,2.83879916494846
20.64543688253504,51.082790226087695,2.285614859756274,3.0792285623019993,1.7133731306263131
23.361074499114597,28.620106007364605,2.9764390150280375,8.406083484849267,1.968917609593785
28.577917486397805,55.93956077256104,2.6806228851125042,6.055823819109312,1.1505802119492632
23.592297804330112,44.19044564078196,0.9236082218246733,9.135977181812898,1.284878401733276
32.793282404978896,56.265464303855495,1.305116133463152,8.394899345969982,0.9335597822366521
21.925858607566333,22.123360715570463,0.9218411756375572,6.842017548384554,2.675554447975647
20.92843688577313,50.312217379201414,1.9048255555724147,5.008514893621708,1.459310601637195
40.807228920314714,53.714180892244016,2.2909840138618094,6.447629237873402,1.1750772271162757
45.38825896156447,27.85084138116426,1.938611635405695,2.392291871000057,3.4848728852877136
34.71179628839246,26.72249985769625,2.3418101158905538,6.555589370814655,2.2833776181596535
32.21672798990855,39.132020734883,0.9258757111445632,9.179314065569306,1.3677564288173774
21.375477135733668,22.161372432618474,1.4066063862240847,4.628588702232301,3.2934885798800946
24.592650155888442,27.63347336902205,1.4980563064156314,8.004202023735417,2.060966943213886
27.82999470977405,55.302842154314654,0.5897922548309564,4.966133880064014,1.3229175626694543
29.657090284133414,54.50469372391731,1.7273120955846797,5.036187200569994,1.2858097393711325
43.058387890092895,47.69504428228102,0.882059051683584,3.434463272351122,1.6557913527646753
41.09639372046986,45.130585418437676,2.809965673594494,5.708379721293856,1.435182165868227
23.310320372563194,52.6860775019702,2.8237416829099704,6.159663750521576,1.141917926503331
37.57111478294917,24.76142264668109,1.1933268423201595,3.9509452845552797,3.1516723316611626
25.313586059464058,54.4324969853477,3.0418837929270297,8.253743459096729,1.1443320159196162
20.463846972288387,52.744806616722876,2.14468224692923,6.32435285295229,1.2224694713620705
39.58862648894682,52.15708901373653,2.7684406150396317,5.908003015066164,1.1946799496158165
34.528987322095546,32.9755209742191,2.345182440515499,9.215104050621665,1.5663892928404772
47.61373288885076,42.16157125695326,2.8868097282060425,10.05521693805644,1.2281725837364816
35.87210338110107,20.016472545411958,2.4997718141003817,9.541452387362863,2.6242874250054156
52.0744633433752,43.792931391001,3.039768275611412,5.568856084958014,1.4825023941252269
21.74532771061307,41.810445301108224,2.628495066466454,10.150607158588052,1.296066697889562
47.45939263886349,37.8330299032295,1.1722045188076686,7.554833901194433,1.5010398100264735
57.287902213454544,33.414173989171886,2.7419931001980618,8.339517894973463,1.6396593844958218
52.50082670070854,58.98377621638952,1.5838691303868058,3.577688379000686,1.3141442017952591
51.46836600558315,44.71921159667556,2.972151988958623,6.8678368365974904,1.2124507207493516
50.01783574034969,53.75438659069795,2.292745003636857,2.3546769101769938,1.8867614937283734
44.582518785218,31.997309551138304,1.9444959022812427,5.040159280684193,2.1104998489816733
43.27851036790792,45.18018751076083,1.924470579773871,3.4054035907560216,1.8215995859156642
58.96524673049336,35.91477511405207,2.5192305550739476,7.962187522199389,1.5650302488599
58.098216843768014,30.39871610057662,2.143462068016461,8.534517779610688,1.7454748839242469
23.555745505817566,52.88061471626683,2.5023229171234043,9.19566304279168,0.958316541239426
57.33212941410022,47.273579632625754,0.8600549526839418,9.451909100615342,1.0306699781844428
55.35738797170535,21.78746145896589,2.5559428706020046,2.757877046521542,4.3759463294728
51.553771990859246,30.96353043524013,2.6905342637736602,5.886170589432265,2.1825921972658433
58.10612383276561,20.20912915835933,2.159334191854489,3.3865058264701116,4.163579577788986
49.13860307960924,31.23166295577964,1.6848737951115655,9.317912474814698,1.7026641604721295
43.03311394155797,58.10793952466709,0.9599882834538259,7.629426037344145,0.9879874813029922
25.54563945935235,21.611429198610267,3.1689025582635817,6.8332557430307155,2.9014592784991744
30.84176742585116,57.15341460003066,1.8808257302979756,6.439413652390051,1.0438837201443416
24.48719761392613,45.025834520537344,2.8914783472070633,9.286539323729361,1.1640469912934939
54.071341486967995,54.596102123912694,0.7742851415456464,7.716205038511591,0.98242610596258
52.929915556577434,37.45894266218223,2.814377339033367,2.5739165544981413,2.5624423736827273
33.82787382378135,26.4347336584739,3.122926611040637,6.400581549319228,2.3365519360155176
22.818820117029507,59.027649865588266,1.8619364875630904,7.466039963981018,0.9715652581353085
56.13965202760034,27.17376406160036,2.9147396454273897,7.087715360904912,2.079652256884657
50.978796960879144,53.96008752951668,2.4739827323481314,3.4592577043787607,1.59067629858643
39.52646377206672,41.10143545218997,0.5840629607910199,2.565938875551881,2.2942998716900527
50.788288983276786,27.506870117004404,2.1397300373810233,8.642936149569909,1.9599018880759624
29.07122077590325,35.62620672411568,2.138066067632722,7.357836750077703,1.6003841590368266
41.469275636573784,30.581316790292572,1.3054731669974649,5.927148674153644,2.1155408440031516
32.573048039998795,33.491968893153945,1.9364705520768968,8.011265255632571,1.6299169801540818
20.30805857119438,35.96595416639816,2.9633261030308726,9.411645766468679,1.4955978314557943
39.439737866444744,24.69519980589791,2.4029303159475446,3.3905570140987518,3.4001673346623122
59.08720627343027,58.32793163418941,0.9025860537436323,9.76434061155273,0.8401190056538865
47.161638611719766,29.547213824298233,1.7161823461694843,2.299018089500726,3.3947418531027296
23.900195821637453,34.56283837619556,1.7966794227517915,6.557202566070213,1.7499913448335478
43.64857427264866,21.772753888747886,2.7650393834653793,6.600914625433993,2.8946263181888736
55.252375146729314,46.881985071880166,0.8374953182630668,9.3560847299844,1.0035663438973548
42.44912135572122,58.30917201201104,2.5622914757314867,8.896145665990748,0.9857971342670954
54.50589547462157,46.15583281958884,2.8910599882738874,8.07978652856636,1.2726656976959194
39.32547582878105,40.93416239817409,2.8866186335498956,2.2935582296475863,2.4964864772348303
46.31291012689541,47.42348476740903,1.8438575343483832,8.68873917950435,1.2027989412962081
44.18889482320788,24.76998406124434,3.005184921668468,9.647810574606392,2.1109051650463657
38.67361362969224,38.34325830886361,2.0835953885166774,7.961984439069342,1.4910788631776593
39.34427386217428,49.91249209518109,2.926496829941286,5.63572536135052,1.28559299837687
47.69193515474948,57.34247065428191,0.8129010841319669,6.0462251570335965,1.0098970039604094
54.3540554377326,34.276724934353666,1.9804000750617698,3.2779045301209813,2.4553583943775084
52.63747595660839,38.53290428442511,2.6636480319091493,9.868652885165032,1.3237758129629977
20.66794062267431,25.50159745409115,2.3331765830436546,5.175869215269245,2.878122015019828
54.963617054785715,22.140823576468648,1.3016526294337343,7.807040600072267,2.4853738234173104
46.59476801747239,40.274605742467195,2.955035435496851,5.2919031908074,1.7269808638478157
47.68602688795238,52.91830981414783,1.3987585671559475,7.955694597585385,1.1019272658978958
22.721549865462407,56.8068079456704,3.079636832149861,9.169398248264843,1.026758332893959
55.672017786186025,54.191680376785285,2.858863053703947,7.739165031276843,1.0176292338784059
25.396003026545163,39.74760249536857,2.6259536398237353,6.989147809168411,1.5741632218010513
42.03251125533044,52.045627794704814,2.4309258711999524,2.979544055227758,1.73911366020558
32.88098190259902,52.94300291786869,1.2129269726191292,5.433873492532793,1.2987338023516828
28.433054956439122,58.64606344284496,1.7763220516115836,2.509890460423888,1.6644490564595542
59.39323434362841,34.48320101403211,1.7544874979486493,2.237505536149797,2.9690170509056832
50.15788453816026,40.48837036333816,1.4669356334682178,3.134897246861441,2.1536981001657223
27.88333843682593,57.34638795198226,1.7192349134080753,8.045948829469447,1.0085285539408584
26.53857715035614,32.81497962053542,1.3298357520823212,8.373097066150805,1.684335525526183
43.3955206341075,55.91168509433564,1.2357771114750769,2.624730691280643,1.6123765018052074
55.36815367490163,38.99797035074708,2.2525809349719594,8.855262715507175,1.3448560415499808
56.444077035119,34.99136766304932,2.3343068413962222,2.288126381164032,2.8922984546966566
48.63295342810485,59.13024084938377,0.9228467971182066,8.973428645264645,0.9147598665972382
47.52030345652702,56.002263289352854,0.6969821119276433,10.033280164788852,0.9693463645597153
46.38219114907132,25.64182045207151,2.560991458899152,2.8544488751861827,3.593212453010766
21.121230388671066,57.0147086954859,1.4547192742377946,6.135271878189709,1.1911636348190258
43.0194769692268,40.074464239992594,2.692167235801454,6.403742635904536,1.5995641287366045
44.78313991309882,29.372304654631503,2.997672223149938,6.804702396868264,2.134729943956979
58.34437042760586,23.88440378632808,2.158704926332729,3.3587387390478636,3.6862142086002345
39.77357924570842,22.332366324040724,1.311057152563668,4.182119603813021,3.3132664112392685
52.79987842266668,24.450953131157345,1.7733530308270742,4.234597458580852,3.0801591424953862
48.61332117279524,39.21106686960594,2.712667364036269,7.601357986369961,1.5181399060885719
46.442421489704444,55.988213910324596,1.502093923328317,8.54525462521082,0.881036769516285
48.68471010480331,40.76878305294508,2.0112827406031437,3.622961757043613,1.9097784482971156
27.266741082838625,39.31639098994143,1.8260377251674829,4.095777693140513,1.9817759766678082
31.630069116317895,40.10651333319721,0.997683081207075,9.974539599904054,1.2499449148248405
54.99909743866559,27.282537409483204,0.5326316183306726,8.688295292480895,1.954314516018979
25.604070792203416,32.14622032769262,1.6185893670843612,4.262460934177971,2.325029598195845
50.166829886549536,32.71936709500913,1.7024926122073611,8.931771492843957,1.5121728351345367
51.66152847363325,30.72930299069595,2.4015875097872366,2.518266930606403,3.088962990702673
51.74409543198061,41.1037161519306,2.83787610668536,10.027414690433204,1.2187223731776238
34.20011215339998,59.06801078632165,1.8311928645541318,5.720992924025127,1.0329610351134089
34.34715955507903,34.22115405413267,1.1455912511856563,2.7675731846764124,2.668835728818094
22.03003185363366,27.972084617747566,3.1502293499557643,6.6759662014433285,2.2913090970970886
22.446992621147977,50.744538456941,3.071788444385443,5.878202765337834,1.3255362137967526
48.04856629694768,34.45512718071755,1.8990588050693913,8.980718002864613,1.5504509634534254
39.71123993368394,46.61299749536957,1.5331571714659635,3.7967304412347334,1.7877110922883703
